!!SBtab	SBtabVersion='1.0' Document='SBTAB_Viswan_2018' TableName='Experiments' TableTitle='SBTAB_Viswan_2018 Experiments' TableType = 'QuantityMatrix'																															
!ID	!Name	!RelativeTo	!Type	>Output	!Event	>S5	>S10	>S12	>S17	>S21	>S28	>S29	>S31	>S33	>S34	>S41	>S44	>S46	>S49	>S54	>S57	>S60	>S62	>S66	>S67	>S68	>S69	!ReferenceDOI	!T0	!Likelihood	!Sim_Time	!Normalize
E0	Experiment 1		Time Series	Y0	EE0	0.02	1	0.4	30.00079145	0.8	0.730003957	7	0.2	0.180007915	0.36	0.1	0.5	0.02	0.166664028	0.500007915	1	0.1	0.820007915	0.000700024	0.02	0.260007915	0.08			TRUE	10000	Max_Y0
E1	Experiment 2		Time Series	Y1	EE1	0.02	1	0.4	30.00079145	0.8	0.730003957	7	0.2	0.180007915	0.36	0.1	0.5	0.02	0.166664028	0.500007915	1	0.1	0.820007915	0.000700024	0.02	0.260007915	0.08			TRUE	40000	Time_E1T0_Y1